date,address,company_name,phone_number
21/11/1951,84.82.53.249,Flashpoint,+86-740-276-8107
29/02/0656,39.5.225.255,Trudeo,+86-546-847-6765
07/04/0123,129.132.149.149,Meevee,+351-793-815-3015
31/07/1132,152.38.152.192,Fatz,+1-904-343-8154
05/12/1267,57.130.220.200,Wordtune,+86-381-668-2428
22/09/1799,99.213.232.252,Yabox,+62-521-755-2101
29/06/1434,22.156.220.3,Wikibox,+48-191-980-4960
30/01/0836,90.51.186.98,Bubbletube,+86-554-706-9004
04/02/0488,204.219.150.144,Zoombeat,+86-629-127-7384
21/02/0945,170.0.125.181,Brainlounge,+7-851-732-1392
08/10/0466,6.152.221.119,Chatterpoint,+62-917-944-7135
16/04/1622,196.131.200.103,Fliptune,+63-801-212-0788
14/05/1197,203.134.242.176,Zazio,+506-764-479-7233
04/06/0891,41.206.51.6,Cogilith,+593-516-813-2201
27/11/1493,226.154.24.50,Babbleblab,+1-425-514-1407
01/02/0602,30.48.209.138,Quinu,+86-596-713-3962
12/10/0190,49.208.53.240,Lazz,+66-557-468-0113
13/08/0376,24.180.68.177,Gabvine,+86-966-862-0580
01/06/0241,18.169.228.205,Jaloo,+30-115-513-0168
15/12/1119,40.112.67.139,Skynoodle,+20-551-123-1198
02/07/0665,236.82.185.128,Twitterlist,+1-548-198-1176
01/11/0719,241.152.244.119,Gabtype,+263-285-367-8011
12/12/0905,64.73.112.58,Wordtune,+263-318-906-5855
10/03/0289,125.64.21.88,Dabjam,+7-511-695-8805
19/09/0778,142.117.253.41,Youbridge,+86-286-382-9899
04/04/1026,89.176.95.234,Realbuzz,+55-428-384-9361
11/01/1797,149.127.226.221,Izio,+82-556-493-2914
06/06/1239,20.221.100.57,Buzzster,+62-864-184-6262
11/08/1908,38.132.105.113,Browsecat,+62-100-207-8829
01/07/0324,114.47.80.178,InnoZ,+33-600-858-3669
01/08/0542,108.100.113.234,Geba,+352-342-787-2085
07/02/0835,62.84.234.65,Livetube,+976-127-861-6981
12/12/0899,61.204.130.127,Tambee,+52-466-441-3770
21/09/1914,196.77.26.243,Buzzshare,+358-795-601-6744
29/11/1153,68.175.5.133,Photobean,+55-494-580-4485
13/02/1810,154.182.59.133,Demizz,+976-932-605-2736
14/11/0440,30.253.137.22,Kare,+54-939-479-8839
06/06/0739,179.79.232.22,Centidel,+86-539-461-5032
08/02/1598,92.109.212.52,Topicware,+86-967-722-2693
16/12/1735,51.99.76.84,Camido,+54-216-979-7082
25/09/1215,230.251.33.232,Snaptags,+30-959-763-6973
10/06/1677,235.143.198.202,Skibox,+86-679-719-1543
27/02/1737,153.99.28.246,Ntags,+7-178-859-6663
12/11/0285,239.93.77.152,Zooxo,+7-844-233-0281
23/07/0409,155.247.230.107,Zoomzone,+212-108-317-6424
15/07/0158,33.182.11.165,Abata,+62-952-163-0071
26/04/1164,78.75.236.131,Meevee,+7-432-788-3275
24/05/1507,166.12.46.16,Bubbletube,+86-276-310-3538
07/02/0862,244.254.173.40,Zava,+52-427-309-4728
08/06/1723,239.36.62.177,Mymm,+375-349-572-8922
01/04/1148,94.18.35.103,Twinte,+255-908-734-6160
26/08/0864,38.24.165.240,Fatz,+598-923-842-0489
15/04/0396,154.179.115.196,Avaveo,+62-256-992-1794
12/04/0781,6.95.138.133,Rhybox,+967-855-905-9618
07/08/1515,188.198.229.225,Fliptune,+7-182-178-2987
29/05/0969,105.198.196.61,Gabtype,+7-519-312-9344
16/12/0314,15.209.251.204,Realbridge,+234-595-190-7056
31/03/1313,195.98.147.117,Thoughtstorm,+7-156-995-8376
23/05/1459,97.51.66.182,Janyx,+86-573-745-4257
27/05/0716,25.133.22.124,Muxo,+86-793-144-2603
11/09/1814,145.141.91.229,Ozu,+1-701-956-7588
19/07/0734,60.110.197.215,Miboo,+63-232-946-9868
11/06/1793,222.157.54.156,Tagpad,+55-113-643-8874
16/04/1303,231.44.132.248,Feedfish,+30-585-196-4321
20/12/1711,121.78.80.10,Tekfly,+63-619-641-7002
11/07/0237,97.111.41.228,Twinder,+48-899-156-8373
02/12/1085,140.63.59.51,Einti,+86-502-360-2372
03/12/1532,30.111.176.165,Dynabox,+374-251-165-7953
15/06/0209,150.89.47.201,Katz,+55-952-915-3748
21/10/1517,64.176.154.182,Yakijo,+46-224-848-4005
03/09/1320,71.12.250.77,Dazzlesphere,+7-748-665-0594
31/12/0133,202.1.186.40,Zoomzone,+371-844-730-4220
20/09/1059,49.4.114.193,Voonyx,+33-203-665-4091
02/02/1235,114.122.180.54,Topicshots,+1-126-565-2752
19/10/0462,121.64.11.132,Zoomdog,+86-887-187-8664
03/04/1495,104.67.104.234,Twitternation,+98-375-262-9759
08/09/1364,44.37.239.115,Zazio,+62-477-772-3330
28/08/1954,21.243.41.110,Rhyzio,+62-321-147-0126
14/04/0877,149.104.57.200,Browsecat,+33-195-770-1782
09/09/1455,100.191.205.153,Bubbletube,+62-882-204-6714
11/04/0840,113.128.63.128,Twitterbeat,+420-647-976-2329
20/09/1253,178.182.32.170,Tazz,+82-884-838-0163
30/08/0782,59.209.27.59,Mydeo,+60-887-728-0305
16/04/0939,180.63.75.8,Yozio,+81-315-230-0247
16/11/0220,73.125.70.11,Brainlounge,+55-149-957-3505
03/12/1495,15.2.41.120,Brainverse,+86-669-703-8124
17/03/0146,154.124.201.180,Realbridge,+62-324-796-4217
16/04/1338,104.182.240.146,Zoozzy,+63-349-546-9819
02/04/1528,87.184.97.245,Twitterlist,+7-903-880-3450
03/04/0116,7.49.74.101,Jabberbean,+1-480-128-0889
23/04/0531,255.185.210.190,Edgeify,+86-411-702-8268
31/05/0352,103.26.183.34,Kaymbo,+48-715-598-2007
11/04/0223,19.128.167.90,Skippad,+46-295-791-1754
08/10/0546,46.204.55.251,Bubbletube,+63-197-424-5604
24/06/0697,232.65.17.105,Meevee,+850-901-789-8356
07/10/0243,36.177.190.222,Jabbersphere,+30-632-474-0126
24/08/1032,239.171.30.101,Kwideo,+86-911-322-3865
16/04/0426,10.21.4.8,Meezzy,+93-808-762-6576
21/11/1823,201.15.196.81,Skimia,+62-778-763-5921
01/05/1747,21.102.127.208,Jaxnation,+62-360-354-0589
18/08/0586,67.48.217.16,Jayo,+1-314-308-3256
07/03/0729,209.59.63.182,Zoombox,+380-800-260-8932
29/09/0184,17.220.147.139,Zoomzone,+1-271-321-8668
10/10/0980,44.78.13.238,Livepath,+255-234-699-1866
24/10/0153,35.1.125.25,Mudo,+63-502-312-5627
01/06/0482,93.140.191.136,Jaxnation,+7-572-448-1647
11/02/0127,32.245.100.237,Oyope,+55-777-467-0156
03/09/1711,247.108.239.196,Edgeclub,+93-537-100-6894
11/06/1481,5.225.59.178,Quire,+86-327-581-6416
20/09/0538,225.220.138.144,Trudeo,+55-779-838-1691
28/04/0252,241.247.93.66,Npath,+98-987-831-7847
24/05/1303,111.149.17.18,Eayo,+850-226-931-3254
04/03/0995,86.111.167.142,Leexo,+33-133-644-8660
25/07/0106,53.100.224.37,Wikibox,+593-872-214-1639
24/08/0841,79.76.31.171,Kazio,+86-157-103-3717
20/08/1184,62.51.40.199,Realfire,+62-728-909-1434
16/01/0248,122.58.161.211,Npath,+994-405-567-2857
16/02/0297,232.4.107.99,Kayveo,+370-688-116-2061
10/10/1627,99.255.85.88,Talane,+62-243-995-9475
23/05/0657,173.81.124.8,Browsecat,+1-155-712-9544
31/08/1744,94.199.12.210,Latz,+58-877-575-2787
14/02/1145,236.55.14.233,Skinder,+225-352-166-4339
13/04/0275,196.182.79.242,Fadeo,+20-466-437-5672
12/12/0779,53.212.62.137,Devify,+86-264-796-9868
11/09/1318,218.216.27.218,Kayveo,+86-359-689-9034
25/11/1031,188.63.61.181,Flipopia,+351-519-718-4417
09/12/0180,107.83.136.39,Bubblemix,+962-916-572-1744
24/07/0571,242.123.119.202,Kare,+86-716-274-0431
02/03/1659,113.32.8.205,Fivespan,+86-854-453-5310
28/10/0647,251.102.0.211,Riffpedia,+52-916-848-2658
30/01/0224,43.161.244.196,Oyoloo,+86-498-235-5505
13/08/0324,144.33.57.235,Realcube,+64-247-105-1516
10/05/0424,27.177.187.213,Shuffletag,+1-801-714-0930
13/08/1168,188.150.68.239,Avamm,+58-485-296-7236
10/06/1414,161.236.73.195,Youopia,+223-608-405-5694
21/04/0350,194.168.188.118,Realmix,+86-743-422-0181
10/09/0228,135.87.138.222,Yozio,+86-217-554-8517
28/08/0347,112.51.88.138,Fliptune,+86-638-501-3024
23/11/0561,166.207.254.243,Oyoba,+86-194-310-5773
11/09/0924,196.241.58.117,Rhynyx,+86-839-515-9041
12/05/0595,138.93.68.10,Twimbo,+58-740-338-7697
07/08/1141,73.107.48.146,Buzzshare,+92-115-736-8859
19/06/1571,2.24.239.57,Geba,+380-357-962-9622
09/12/0140,237.241.171.154,DabZ,+86-480-163-0329
15/10/1854,19.254.28.226,Zooxo,+1-405-326-7260
12/12/0457,246.54.156.143,Feedbug,+86-299-970-8363
23/01/0207,200.130.205.0,Brainsphere,+62-544-412-2822
28/05/1631,37.140.237.144,Wikibox,+381-844-964-0777
05/10/1368,213.208.108.35,Topicware,+66-953-190-2156
29/06/2009,132.162.111.3,Wordify,+62-433-560-1929
27/09/0401,207.56.186.122,Gabcube,+51-113-709-8490
18/05/1073,68.148.84.220,Tekfly,+84-508-954-0021
28/02/0491,165.0.215.21,Janyx,+970-614-854-5922
25/12/1631,92.225.186.137,Devcast,+86-847-813-2072
23/09/1257,197.245.28.203,Jaxworks,+1-704-513-1944
06/12/1464,23.231.61.201,Meedoo,+54-523-411-1271
22/02/0959,200.48.223.57,Roomm,+7-312-609-8837
01/09/1038,32.207.115.168,Quinu,+86-874-133-0661
06/08/0641,247.169.51.209,Twinte,+46-723-173-0679
02/08/0625,85.149.97.13,Izio,+62-703-747-2718
22/04/0990,43.65.3.176,Gabspot,+49-402-659-4103
19/09/1281,48.225.240.226,Yacero,+47-353-115-0278
19/07/0386,106.54.139.148,Kare,+27-405-543-3331
12/01/0755,91.235.152.51,Yata,+86-153-528-9947
17/07/0149,36.235.236.241,Jabbertype,+380-617-210-6775
06/07/0655,67.242.23.196,Yoveo,+1-319-332-1082
19/03/1324,118.144.239.141,Midel,+374-148-186-2300
25/01/0931,128.238.29.215,Shuffledrive,+86-332-846-1451
05/01/0638,236.58.182.226,Photolist,+261-158-652-9032
29/05/1082,50.25.246.85,Quaxo,+84-939-845-0455
16/07/1907,87.206.203.253,Meembee,+7-580-280-4453
27/11/0989,0.140.219.60,Linklinks,+46-570-950-6402
05/09/0183,188.163.60.228,Youbridge,+381-692-871-2896
09/04/0730,75.250.98.170,Skipfire,+86-668-718-0943
01/07/1366,203.185.196.208,Skipfire,+351-392-377-2858
18/05/1349,121.21.74.175,Wikido,+7-161-339-9626
01/07/1845,227.56.69.236,Blognation,+1-501-298-9484
02/11/1261,20.73.140.209,Lajo,+358-998-711-4193
15/06/1465,62.46.122.45,Twimm,+86-772-706-9687
13/01/1345,101.37.107.60,Nlounge,+30-521-236-0651
16/01/1255,217.254.192.144,Fliptune,+374-787-227-2003
22/05/0264,124.43.34.216,Mydeo,+351-965-798-1134
15/05/0388,49.16.244.212,Ainyx,+86-305-624-6200
06/11/1825,201.18.190.28,Vinte,+1-167-636-1772
22/05/0328,250.97.188.14,Skipfire,+86-640-713-2170
01/10/0507,160.202.40.133,Twimbo,+47-679-914-3075
17/11/0631,13.50.184.175,Oyoloo,+51-248-126-9357
26/09/0445,216.168.214.108,Trilia,+55-613-583-2350
08/06/1831,1.82.112.249,Fatz,+351-120-616-5575
18/03/1973,3.187.172.225,Dynabox,+66-284-556-9709
25/07/0432,200.198.139.120,Janyx,+62-356-975-0801
30/10/1179,39.111.36.123,Browsebug,+232-152-736-1787
06/11/1196,24.184.246.5,Edgeblab,+81-707-340-3108
05/10/0599,14.210.144.31,Topicstorm,+55-529-648-9672
17/06/1310,161.113.98.209,Dablist,+359-290-885-3205
27/06/1355,253.110.225.115,Oyoloo,+86-995-188-2142
29/05/0373,207.93.106.97,Flipopia,+380-430-995-3900
05/08/0765,176.49.223.150,Wikivu,+84-491-574-5055
16/09/0462,173.59.225.45,Brainverse,+370-174-588-5752
09/10/0441,120.132.109.234,Edgewire,+351-322-855-9494
24/06/1048,47.185.193.222,Demivee,+47-954-806-1633
05/02/0337,146.18.30.20,Kare,+62-643-573-5143
09/06/0359,236.221.45.114,Tagpad,+7-216-133-7257
29/12/0973,185.244.37.90,Eimbee,+86-300-772-7721
14/06/0113,123.254.253.209,Tambee,+54-227-682-9185
09/03/1508,217.41.132.75,Meevee,+86-122-314-6451
16/01/0890,9.111.159.139,Thoughtblab,+46-294-210-7700
01/12/0490,254.55.226.199,Topiczoom,+63-397-786-7529
09/04/1667,18.216.251.33,Innojam,+55-335-651-0721
12/03/0552,72.137.110.153,Meevee,+63-858-803-9292
13/02/0172,183.127.60.39,Eimbee,+86-316-999-7008
28/12/1578,235.219.180.150,Oodoo,+86-320-386-7952
17/01/0331,113.153.166.180,Blogtags,+57-342-993-9302
10/01/1770,244.81.158.171,Zoovu,+86-607-905-5764
09/04/0851,3.62.75.86,Buzzbean,+48-435-991-5281
14/08/0717,202.133.243.138,Meevee,+86-439-575-3584
19/02/1392,13.229.141.74,Skajo,+46-177-177-7296
05/07/2013,110.57.255.210,Janyx,+33-618-689-1466
26/02/0791,132.99.149.202,Janyx,+63-544-858-3024
20/11/1664,232.31.223.105,Yoveo,+420-137-805-7445
14/11/1601,93.130.194.212,Vinte,+1-417-931-8064
18/12/0792,18.41.247.143,Wordpedia,+63-613-236-7441
13/06/0912,106.182.20.135,Flashpoint,+58-922-368-6847
11/12/1699,15.14.86.124,Abata,+236-684-134-8782
19/09/1090,134.236.50.88,Muxo,+86-252-216-4221
14/02/0408,185.236.67.193,Twimbo,+225-878-593-8886
02/03/0364,115.216.28.109,Dynabox,+381-362-965-9538
30/03/0892,215.128.92.96,Gabtune,+55-573-924-1537
14/04/0137,214.38.217.100,Fivespan,+86-244-147-9405
06/09/1528,219.170.198.24,Bubblebox,+46-875-240-4862
11/08/0697,70.77.131.150,Voolith,+1-469-533-9890
22/04/1039,208.103.114.46,Gigaclub,+351-789-984-3533
08/08/1717,200.125.171.66,Skilith,+976-202-802-3608
16/12/0825,29.124.51.161,Avaveo,+55-177-841-0461
15/02/1395,133.117.249.195,Eadel,+86-556-524-5959
29/11/1672,16.170.124.173,Wordtune,+86-609-441-6526
11/02/1729,167.11.19.179,Skiba,+33-721-568-1795
08/02/1624,153.198.27.81,Gevee,+48-597-237-1711
22/08/0773,147.36.34.101,Topicstorm,+267-457-395-5087
04/02/0637,215.157.223.219,Dynazzy,+1-614-245-5450
17/01/1550,161.220.50.246,Oloo,+86-873-278-2973
04/03/0227,254.85.71.98,Ailane,+7-914-813-5117
09/06/0215,94.35.220.139,Trudeo,+51-278-572-4799
29/12/0486,210.230.106.223,Tambee,+63-750-133-6996
21/12/0807,64.208.211.64,Fliptune,+86-140-587-5691
05/05/0551,242.239.98.110,Devpoint,+380-173-604-0647
26/02/0714,101.254.83.61,Zazio,+62-972-871-2909
15/12/1141,83.79.134.245,Demizz,+30-481-373-9053
28/03/0269,9.103.22.244,Gigazoom,+48-568-206-2214
01/12/1461,112.7.165.70,Kamba,+48-646-608-5905
06/01/1110,168.241.68.43,Tazzy,+7-334-220-5106
06/10/1672,71.9.40.80,Twitterwire,+33-163-793-0344
22/02/2005,234.64.81.162,Tazz,+62-781-291-1977
31/10/1011,44.8.138.32,Eare,+1-522-485-9620
13/09/0994,17.193.14.113,Realbridge,+1-533-177-9679
30/08/0186,132.66.66.22,Tagtune,+7-718-421-8230
15/06/0986,133.51.148.96,Izio,+1-343-384-7252
25/10/1009,138.160.131.48,Lazz,+386-118-886-8254
08/11/1485,154.110.64.247,Skalith,+420-985-674-2922
27/01/1935,182.192.107.227,Yadel,+63-374-456-5109
04/10/1018,168.136.140.0,Skinte,+357-282-255-2504
13/11/0198,112.201.25.17,Yodel,+371-832-271-0738
08/12/1709,167.56.192.30,Jazzy,+1-805-240-5874
13/03/1610,155.138.30.162,Demimbu,+52-516-686-0902
30/05/1915,155.158.149.175,Realmix,+63-293-565-6277
20/07/1766,181.213.84.7,Cogidoo,+51-617-459-8545
19/11/1654,84.106.35.82,Layo,+33-648-710-2950
18/10/0330,92.128.62.36,Edgeblab,+84-643-146-5262
27/07/0480,130.201.160.13,Quaxo,+62-180-126-7083
22/08/1866,213.100.99.199,Ozu,+1-312-189-5213
30/12/1649,167.209.233.168,Pixoboo,+84-838-157-2250
23/10/1516,86.46.22.228,Devpoint,+60-106-826-8782
02/07/0978,230.227.244.84,Skipstorm,+55-252-891-4532
23/09/1778,54.212.29.206,Vitz,+52-479-504-2672
28/01/0870,36.226.139.221,Flashset,+63-695-226-5747
19/07/0103,117.148.232.86,Realblab,+237-532-880-7120
29/09/0463,118.16.80.148,Jabbersphere,+86-405-834-7877
28/02/0499,47.16.150.117,Fivechat,+1-596-753-7516
22/03/1275,144.175.169.14,Centizu,+380-368-668-3054
10/03/1771,65.16.18.11,Jaxspan,+55-229-475-1567
30/01/0974,127.109.195.10,Innojam,+351-948-232-3450
04/07/0939,217.151.215.113,Mudo,+420-503-162-2439
17/08/1654,103.2.171.174,Tazzy,+55-685-534-4058
06/08/1019,56.18.168.198,Linkbuzz,+382-897-412-7833
13/12/2011,229.221.61.4,Jayo,+48-200-427-8803
23/09/0446,199.196.125.72,Quatz,+63-301-793-7690
09/06/1979,130.52.60.2,Rhyloo,+1-915-101-3265
14/12/1691,108.81.40.225,Buzzshare,+86-174-122-1877
07/12/1999,228.96.189.101,Abatz,+48-140-293-4581
25/11/1290,213.56.169.214,Yoveo,+62-987-377-8998
17/03/0669,77.195.107.177,Vimbo,+7-353-545-4453
06/08/0232,220.0.204.162,Mynte,+385-555-245-8753
14/11/1204,135.112.187.45,Realfire,+86-288-454-3439
16/05/0661,170.187.26.95,Feedbug,+33-616-467-8115
19/06/1596,4.152.190.11,Mycat,+86-842-522-3070
23/08/1763,183.229.63.54,Twitternation,+54-996-876-7709
12/03/0165,114.187.161.47,Vidoo,+64-999-691-1438
09/09/0735,236.133.110.68,Tagtune,+55-815-140-2450
16/03/1151,65.86.234.23,Skyble,+7-341-739-3659
25/05/0218,158.23.69.236,Eadel,+264-751-881-1640
02/09/0506,0.179.167.190,Dynabox,+33-930-251-1812
05/10/1714,180.249.98.26,Twimm,+43-178-666-9012
21/12/1368,38.78.252.100,Meemm,+1-505-588-8356
24/10/0611,177.147.135.84,Browsetype,+504-699-550-2988
25/06/0575,74.191.93.122,Chatterpoint,+86-987-111-4511
17/09/1997,150.54.238.123,Izio,+375-140-497-9347
28/10/0654,203.5.114.196,Flashspan,+387-786-997-3701
07/10/0370,232.223.39.124,Gabtype,+46-740-147-6903
15/12/1832,32.46.152.19,Trilia,+86-626-387-8883
08/06/0971,94.135.82.90,Babbleset,+86-303-253-6544
26/10/1257,79.209.201.242,Browsedrive,+380-493-263-1332
09/03/1316,25.101.220.240,Fivespan,+7-921-484-8762
15/11/0702,120.244.61.254,Meezzy,+967-144-749-8906
01/06/1284,15.108.152.136,Yodoo,+56-434-776-4431
16/08/0612,147.254.246.122,Minyx,+351-397-463-8853
07/03/1103,102.179.95.180,Ozu,+48-859-679-6579
14/12/0119,169.23.115.34,Photospace,+55-311-438-7497
31/12/0599,210.4.18.183,Thoughtbridge,+48-451-217-5684
20/03/0604,65.236.19.201,Abata,+51-290-577-8360
10/04/1808,135.127.77.248,Jayo,+84-657-679-1505
17/09/1260,167.205.54.172,Skinder,+224-632-511-3509
07/09/1720,0.144.208.148,Blogpad,+33-213-714-7025
04/07/1500,112.96.50.197,Bubbletube,+86-120-581-6809
09/12/0769,123.128.12.112,BlogXS,+54-539-799-6054
10/08/0143,172.5.64.250,Blogspan,+62-952-469-0354
08/09/0702,200.120.114.115,Jabbersphere,+381-546-186-5884
13/04/0306,148.237.116.5,Babblestorm,+33-325-998-0661
25/07/1291,165.130.125.224,Voonix,+507-932-267-0343
04/03/0355,201.228.60.8,Eimbee,+996-698-367-3559
09/07/1690,178.150.171.99,Zoombox,+92-686-566-6443
27/04/1705,10.56.163.241,Buzzshare,+66-341-571-8157
18/05/0518,166.144.140.238,Zoomlounge,+55-645-776-0765
17/10/0391,205.16.41.146,Browsetype,+351-165-207-3066
07/03/1766,23.48.25.113,Feedbug,+57-562-730-5716
20/05/0680,123.146.40.182,Blogspan,+1-706-849-0035
24/03/0962,144.57.222.129,Tekfly,+420-946-766-2757
04/03/1825,90.159.217.93,Dynabox,+44-125-524-6355
02/06/1870,58.206.240.194,Gabcube,+86-143-787-4893
16/06/0989,193.66.44.135,Latz,+86-853-793-6176
09/09/0818,196.148.22.12,Rhynyx,+7-336-490-0181
10/04/1092,122.74.234.157,Npath,+86-969-223-4181
14/06/1723,254.235.218.108,Gigabox,+381-926-835-6561
30/03/0883,54.141.62.41,Oodoo,+62-671-595-1263
24/12/0880,210.31.102.64,Yoveo,+51-133-389-5349
09/08/0572,215.213.136.178,Tagpad,+51-535-792-7175
12/08/0936,149.130.169.35,Twitterlist,+7-245-823-3780
22/09/0738,208.84.80.160,Photobug,+86-493-863-2184
27/06/1297,233.74.180.144,Aimbo,+55-857-603-5628
08/09/2018,174.17.151.131,BlogXS,+86-884-782-4889
31/12/1090,248.3.181.240,Myworks,+7-504-734-4794
10/11/0447,48.162.206.136,Jaxspan,+86-143-725-5828
08/04/0830,218.101.166.126,Twinder,+53-567-411-4017
02/07/1820,68.206.182.41,Voonyx,+1-786-329-1443
09/01/1067,196.201.72.104,Bubblemix,+55-483-578-8676
11/09/2013,130.178.250.107,Livetube,+46-696-606-7731
11/05/1873,86.63.9.220,Linkbuzz,+48-236-316-5887
29/10/0975,108.227.82.236,Dynabox,+86-648-128-9680
03/06/0571,22.227.189.82,Mycat,+880-334-511-7734
05/10/1429,224.165.166.171,Demizz,+389-358-669-7306
13/07/0363,244.150.107.113,Linkbridge,+48-860-384-5349
17/04/1518,70.175.119.8,Tagtune,+81-257-374-2096
26/10/1688,49.213.224.15,Yacero,+688-367-881-7641
17/01/2014,180.66.133.184,Dabtype,+351-105-661-0260
04/10/1205,235.219.242.91,Mycat,+268-796-366-3017
12/08/0756,157.60.23.40,Tazz,+62-249-180-1960
08/05/1363,246.208.178.56,Rhybox,+420-983-157-6348
18/11/1371,245.157.15.49,Wordware,+351-226-521-2874
23/01/1298,51.149.143.97,Kanoodle,+234-443-449-2484
16/01/0984,32.92.146.149,Jamia,+1-601-901-4529
11/09/1835,89.189.113.180,Bubblemix,+51-110-716-8636
08/09/0305,211.165.144.127,Bluejam,+216-670-861-7309
03/06/1310,234.22.166.49,Wikizz,+48-839-604-4200
17/09/1378,41.142.176.120,Voonder,+420-577-372-1774
16/06/0894,159.253.251.32,Fivebridge,+62-348-646-7007
14/01/1673,127.181.83.96,Skippad,+62-417-501-6175
21/04/0312,112.75.20.232,Rooxo,+62-374-408-1606
10/11/1332,248.160.133.188,Flashdog,+86-664-465-4770
26/01/1976,45.171.89.51,Jamia,+62-689-317-5375
06/12/1998,251.238.196.107,Linkbridge,+234-451-799-9313
08/08/0226,132.63.161.45,Browseblab,+1-987-421-7563
09/03/1321,82.47.23.221,Pixoboo,+62-250-597-8110
19/07/1495,95.135.6.226,Wordware,+7-349-456-4144
01/09/1313,246.221.85.153,Leenti,+54-888-909-3495
02/01/1720,224.112.102.40,Zoomdog,+998-715-235-5774
12/06/1807,1.78.94.190,Eimbee,+86-607-648-0970
16/08/1462,29.176.15.234,Zoomlounge,+62-697-466-2537
23/08/1425,227.203.134.189,Bluezoom,+967-677-635-7822
09/01/0153,104.33.93.52,Skiba,+30-638-700-8085
16/05/0663,200.147.39.127,Edgepulse,+62-501-554-7893
20/09/0208,135.151.74.126,Pixoboo,+86-405-324-4393
29/04/1540,34.146.92.205,Gigazoom,+46-964-735-3764
02/02/1904,196.73.253.198,Devcast,+7-564-576-6191
01/04/0475,127.62.155.135,Midel,+359-802-199-1284
09/10/0952,226.196.41.177,Talane,+81-273-721-6301
06/12/1337,107.184.109.20,Riffpath,+7-924-224-2880
02/09/1226,204.39.17.211,Zooxo,+33-616-310-3689
16/06/0770,96.36.1.18,Topicblab,+33-773-886-3581
02/10/1327,93.129.231.44,Linkbridge,+33-301-764-8298
31/05/0221,162.149.2.144,Photolist,+86-813-698-1903
20/08/1549,85.21.193.172,Rhyzio,+86-634-319-1270
05/11/0477,238.54.26.184,Tambee,+54-163-340-4525
10/11/0715,162.162.224.125,Rhynyx,+970-682-470-1311
03/12/1531,119.32.37.90,Thoughtsphere,+1-825-358-6791
27/10/0833,203.183.181.77,Gevee,+62-220-438-1178
01/05/1306,218.205.9.184,Trudoo,+966-231-661-0697
08/05/1747,185.113.53.80,Jaxworks,+62-152-760-5725
24/03/1566,21.158.64.203,Vinte,+66-610-644-4283
10/04/0651,166.251.183.215,Skimia,+994-387-955-5478
22/12/1537,97.60.85.209,Innojam,+86-887-737-5651
02/12/0544,157.21.45.101,Skyndu,+351-387-171-8315
23/09/1276,221.112.116.198,Kwideo,+33-543-893-6042
15/02/1968,63.20.188.119,Quimba,+7-473-357-9007
02/09/0737,20.207.123.174,Shuffledrive,+86-580-580-3154
19/04/1036,165.198.224.176,Photofeed,+86-762-527-5782
05/06/1358,176.139.221.66,Tagpad,+380-909-913-5409
23/03/0941,178.8.102.152,Thoughtbridge,+86-678-455-9485
01/02/0426,163.159.166.4,Flipopia,+234-331-552-3746
15/04/0842,31.238.16.138,Flashdog,+86-363-312-8747
11/09/0109,238.10.80.24,Jayo,+33-735-997-5590
14/11/0520,189.239.71.247,Roomm,+7-941-938-9312
14/08/0876,229.155.142.215,Cogibox,+62-773-829-3058
23/04/1532,189.66.200.138,Zoozzy,+81-276-203-0917
03/04/1629,52.153.1.95,Oozz,+972-993-981-4835
03/06/0665,70.72.237.157,Mymm,+382-163-934-6145
23/10/1027,156.152.49.95,Skipfire,+48-134-695-9424
11/02/0132,3.223.134.65,Divape,+256-168-780-8442
10/08/0478,151.180.60.68,LiveZ,+674-991-119-3153
12/02/1957,248.29.108.98,Skinte,+7-902-467-6649
25/06/1110,19.215.43.177,Cogidoo,+48-792-130-1988
28/03/0464,178.86.164.80,Tagpad,+420-427-141-8213
08/05/1355,186.103.134.229,Yodoo,+62-349-760-4289
16/09/1196,162.83.179.71,Yozio,+62-505-427-1200
16/05/1364,52.143.16.138,Roombo,+420-502-216-7584
14/09/0386,4.183.31.134,Yakitri,+27-505-455-5166
18/11/1783,201.83.243.226,Layo,+420-177-849-2730
19/09/0650,69.233.59.29,Skyble,+62-373-735-8040
11/02/0127,17.240.229.159,Zoovu,+351-957-746-1701
27/10/1095,176.44.55.107,Browsecat,+63-556-165-6107
30/08/0758,36.247.232.118,Bubbletube,+66-383-581-5230
26/06/1603,220.38.188.149,Quinu,+81-960-407-1840
08/07/0295,238.21.207.214,Yabox,+51-753-613-5126
03/09/1252,99.212.81.165,Innojam,+7-612-905-4571
22/09/1320,88.89.61.86,Jaxbean,+81-975-753-8312
08/09/0440,114.244.172.213,Chatterbridge,+86-395-739-3705
12/12/0369,224.164.110.89,Yodel,+420-483-125-4684
06/06/1709,7.50.67.206,Jamia,+86-890-494-1728
17/07/0252,81.129.43.118,Fatz,+86-953-402-0891
09/04/1661,117.59.34.223,Brainverse,+46-312-840-2270
14/03/1271,186.19.193.17,Skimia,+48-759-346-2011
24/08/1037,192.229.176.179,Blogspan,+62-439-728-4498
10/06/1036,210.156.43.239,Avamba,+7-956-672-5469
01/01/1510,110.76.169.152,Jaxworks,+86-957-557-3055
23/07/1202,212.217.125.149,Thoughtstorm,+86-931-214-9372
12/03/1570,16.116.88.225,Brainlounge,+62-995-100-8049
04/12/1831,150.162.161.119,Meejo,+1-423-340-9285
16/01/1821,99.188.10.8,Wordware,+63-734-671-6109
04/12/0540,207.226.7.247,Rhyzio,+7-377-937-8243
19/06/1555,68.126.51.149,Thoughtbridge,+62-621-198-8232
02/09/1289,191.96.126.87,Gabtune,+93-824-450-1381
30/08/0406,187.175.220.112,Aibox,+55-428-947-3672
28/08/1646,47.22.167.188,Oba,+1-829-170-1626
20/05/1171,60.90.118.150,Wordify,+354-238-701-4635
28/12/0767,189.215.128.202,Mynte,+380-138-129-4982
14/05/0842,212.18.13.7,Blogtags,+62-809-593-2534
07/03/0689,211.62.128.97,Avamba,+856-342-579-8481
23/05/1347,168.78.196.184,Riffpedia,+86-592-215-1176
12/07/0662,51.249.211.77,Roodel,+20-714-296-7313
03/04/1656,99.1.151.19,Feedspan,+63-837-340-7892
25/05/1923,155.89.106.175,Mydo,+48-902-281-0400
04/02/1577,199.42.208.170,Eare,+49-602-118-0343
10/05/1302,230.16.238.35,Gevee,+63-887-454-8543
25/11/1296,71.162.63.183,Gigazoom,+86-524-118-7264
25/04/1159,159.136.249.164,Dynabox,+7-314-220-3437
14/05/1818,59.174.192.129,Youopia,+86-704-568-4082
28/10/1078,97.191.163.9,Oozz,+86-338-420-5935
24/08/1442,169.135.64.67,Oodoo,+380-291-703-7729
25/03/0206,203.6.210.131,Centimia,+54-133-712-1408
28/08/0309,87.144.9.2,Flipopia,+55-243-534-4418
05/12/0813,160.44.27.163,Jamia,+86-340-275-5710
01/12/1734,17.215.240.211,Eadel,+7-732-125-9083
12/11/0258,195.85.130.120,Flashspan,+53-772-426-7857
15/10/1149,62.0.94.9,Jaxbean,+48-370-646-5482
28/04/1724,105.182.160.218,Brightdog,+86-918-586-5527
21/05/1385,250.70.184.18,Ntags,+7-448-665-2074
16/10/0130,117.81.129.77,Trilith,+86-943-555-1216
21/01/1742,44.243.191.73,LiveZ,+86-895-543-3579
17/12/0339,107.116.234.62,Roomm,+62-751-500-9768
14/12/1370,62.122.39.117,Camimbo,+86-523-790-9390
20/06/0357,3.228.205.88,Skajo,+62-578-186-7083
25/04/1448,87.155.210.40,Centidel,+62-134-983-8770
17/03/0228,3.14.136.50,Eazzy,+359-738-281-5199
22/04/0852,254.201.218.41,Twitterbeat,+351-274-708-0607
09/09/1539,158.255.105.49,Skyvu,+385-864-627-5677
22/03/1326,32.94.167.128,Jaxworks,+237-187-482-6501
20/09/0833,158.168.203.169,Devshare,+86-845-282-9674
29/10/1513,3.203.178.201,Kazio,+374-582-712-1572
17/02/0869,167.59.225.221,Janyx,+95-135-326-5485
23/07/0530,143.202.163.157,Innojam,+86-300-635-8705
08/08/2008,170.46.62.28,Gigashots,+86-955-428-9409
25/02/0348,112.26.252.49,Jetpulse,+48-279-540-3014
24/03/1398,100.145.118.99,Realfire,+86-178-465-5825
21/04/0401,83.165.212.189,Thoughtworks,+387-997-914-9072
16/07/1229,156.160.48.177,Skyvu,+48-475-461-9669
13/03/0299,246.126.25.99,Devshare,+351-212-943-5896
23/07/1604,32.33.163.3,Roomm,+62-602-430-3063
26/03/0143,58.214.87.123,Browseblab,+86-648-638-9881
26/11/0164,246.36.41.68,Linkbridge,+30-739-712-5689
18/10/0983,195.91.123.130,Browsebug,+967-463-505-7784
02/12/0878,193.127.133.80,Shufflebeat,+51-410-828-8339
06/12/1251,198.49.133.127,Dabfeed,+86-644-652-9861
30/01/1643,233.235.33.119,Zooxo,+86-276-142-1738
30/08/1488,146.87.242.0,Devpoint,+86-402-821-7562
25/08/0624,28.46.218.200,Chatterpoint,+63-729-190-1845
12/02/1862,208.26.186.38,Yakitri,+33-177-515-8756
26/04/0631,234.36.61.102,Skyvu,+62-837-447-3953
27/06/0175,158.80.176.232,Innojam,+351-928-665-5347
02/04/1814,207.18.68.113,Quamba,+55-947-586-8257
13/03/0528,151.230.104.161,Devbug,+52-199-725-6076
04/07/0123,232.238.232.38,Twitterworks,+500-252-325-3860
24/03/0903,57.48.70.96,Bubblemix,+54-378-165-0917
07/05/1196,205.140.245.10,Zoombeat,+380-447-567-8843
29/10/1380,225.246.104.57,Jamia,+30-546-827-7457
08/08/1275,10.80.8.202,Yakijo,+62-538-600-9088
19/07/1287,236.65.165.31,Mymm,+86-906-820-9137
24/06/0661,138.146.135.17,Tambee,+98-424-665-2706
28/11/1350,193.177.53.178,Kwideo,+7-107-916-9328
07/11/1923,224.185.160.85,Plajo,+86-890-710-1662
26/08/0625,120.153.165.104,Yodel,+86-535-694-7085
15/01/0910,194.177.130.211,Jabbertype,+998-503-486-3266
18/10/0391,66.212.125.116,Babbleblab,+31-246-730-3331
03/04/1336,19.9.240.142,Jaxbean,+63-692-546-9583
08/02/1563,32.143.240.83,Photospace,+256-276-847-9703
26/04/0318,243.253.208.212,Rhynyx,+258-222-799-4424
23/05/1174,219.57.167.202,Photofeed,+33-782-173-2449
09/09/1259,141.78.170.214,Browsedrive,+504-669-475-2532
07/02/1437,191.75.134.102,Geba,+27-407-912-7987
18/06/0163,153.198.80.230,Viva,+234-494-345-9342
23/05/1301,252.30.177.207,Yodel,+86-841-151-3390
11/09/1100,18.208.84.245,Innojam,+7-834-382-4873
07/03/1094,90.149.150.34,Jatri,+504-390-741-4920
21/08/1168,141.80.104.170,Wordtune,+57-693-576-0207
06/08/1012,234.173.59.175,Zava,+380-780-261-9562
01/12/1451,153.140.153.13,Quimba,+86-820-791-8881
11/08/1824,65.245.44.213,Mycat,+62-905-596-5776
02/05/0317,42.227.201.115,Zoonoodle,+30-239-353-9113
02/04/1407,187.164.34.30,Thoughtstorm,+86-503-539-2704
22/02/0573,234.203.211.69,Divanoodle,+30-950-713-3882
01/02/1061,85.250.21.6,Flashset,+963-170-969-9918
18/12/1808,96.98.235.114,Flashset,+62-234-426-5626
18/01/1947,100.157.173.86,Kaymbo,+62-369-924-1869
28/12/0839,105.228.185.43,Agivu,+380-988-158-0386
03/10/0122,245.227.3.203,Flashpoint,+55-622-566-6343
21/03/0866,98.111.116.121,Zoombeat,+506-774-675-3794
23/08/2004,76.37.48.95,Avamba,+60-262-807-2787
29/12/0201,98.164.157.89,Riffwire,+86-425-979-6481
28/11/1621,80.164.81.103,Meedoo,+57-408-600-5511
12/07/1722,221.207.74.208,Flipopia,+62-572-442-3857
14/05/0998,160.22.77.222,Eare,+692-278-722-1867
31/12/1669,88.181.200.114,Yacero,+234-162-579-4192
14/10/1413,72.249.150.66,Skyndu,+92-968-522-1782
22/04/1898,30.175.175.156,Youspan,+86-143-129-1664
16/05/0754,177.213.134.8,Youspan,+86-278-801-4813
19/10/1104,130.82.3.247,Npath,+27-182-150-2455
08/03/0820,170.11.246.42,Teklist,+62-580-898-3883
07/01/0633,67.147.100.118,Livetube,+62-118-128-4100
19/04/0656,242.118.186.7,Browseblab,+226-972-526-6946
15/08/0271,204.232.169.38,Avavee,+251-660-546-8447
22/01/0508,96.187.161.78,Youfeed,+62-207-338-8609
03/05/0306,138.109.137.224,Flipbug,+62-570-854-1524
03/01/0744,141.147.165.14,Blogtag,+46-126-110-6564
04/04/0832,82.251.41.196,Kazio,+504-877-837-6331
03/10/1294,108.200.216.76,Dynabox,+63-518-348-9219
06/04/0285,209.89.178.217,Jamia,+377-167-349-4060
28/10/1693,89.169.74.55,Tagfeed,+86-851-338-2809
19/01/1803,25.163.107.251,Avaveo,+86-652-408-4760
29/12/1594,197.34.32.212,Buzzster,+33-846-703-2088
07/02/1924,94.17.18.38,Browsedrive,+357-859-939-3998
15/12/1549,33.109.75.201,Voomm,+93-137-978-7628
16/07/0863,83.136.146.103,Kazu,+55-726-841-4450
31/01/1826,61.8.247.225,Quimba,+86-674-845-3877
31/01/1263,225.114.166.240,Izio,+63-144-619-1554
20/11/0222,238.30.201.147,Realfire,+358-264-618-7691
10/03/0756,13.239.73.117,Tazz,+86-236-558-4805
31/01/0213,126.48.58.96,Realbuzz,+62-740-670-8339
31/03/0496,174.194.67.161,Eare,+81-611-940-2939
26/10/0918,236.89.157.142,Jaloo,+7-743-362-4686
28/11/1117,167.33.18.79,Livetube,+86-563-336-2689
03/12/0498,136.242.85.63,Rhynoodle,+62-510-868-0292
26/08/0145,48.5.195.30,Jamia,+86-480-438-5822
03/01/1723,73.133.42.118,Camido,+351-899-630-6876
29/06/0852,70.155.183.113,Edgewire,+86-474-800-8332
22/12/0228,135.202.149.242,Twinte,+420-623-782-6547
06/07/1178,109.247.92.240,Quinu,+976-349-762-1825
25/12/0816,86.8.6.67,Podcat,+256-253-857-8305
09/05/0240,12.60.20.88,Feedspan,+46-251-635-5922
07/09/1756,136.237.39.91,Feedfire,+86-718-468-4618
03/01/1889,75.98.45.255,Photolist,+242-676-895-5591
28/08/1770,243.119.84.55,Quaxo,+63-510-836-2657
31/05/0938,33.32.21.147,Zoombox,+62-908-796-9743
09/07/0576,230.254.230.197,Thoughtstorm,+62-524-686-6259
14/03/0288,242.121.79.126,Zoozzy,+380-241-607-4223
27/03/0613,173.111.137.163,Trilith,+33-545-123-4163
18/08/1194,91.150.249.89,Blogspan,+380-226-965-8609
17/10/0429,179.45.246.178,Quimba,+47-469-539-8383
11/09/1931,211.243.60.159,Twitterbeat,+33-793-419-3929
20/01/0333,172.189.15.33,Ailane,+41-417-714-2303
02/03/0753,108.166.197.72,Photobug,+92-357-698-5914
05/04/1064,97.197.164.162,Skyba,+216-521-846-7120
13/03/1536,117.53.78.136,Linklinks,+84-148-496-8218
23/03/0486,20.116.190.20,JumpXS,+420-993-503-7647
21/06/0609,222.24.164.84,Pixoboo,+63-559-665-7962
23/05/0168,59.34.27.198,Kwinu,+992-724-907-6314
15/05/1734,60.190.191.244,Wikizz,+86-272-183-4871
23/05/1783,112.38.136.216,Camimbo,+7-425-797-5711
10/01/0380,183.212.92.213,Rhynyx,+255-402-277-6731
14/04/1015,217.156.71.141,Ozu,+86-629-951-3788
16/06/0949,144.57.112.109,Roombo,+86-580-544-0142
02/11/0619,48.27.94.193,Myworks,+55-100-496-9494
07/01/0961,179.145.109.154,Photolist,+86-959-760-2546
10/02/1843,181.235.248.113,Lajo,+504-512-715-0179
21/10/0805,160.97.223.146,Skibox,+963-532-395-6907
26/02/0603,219.206.151.164,Innojam,+86-784-133-1966
22/08/0319,55.221.207.177,Kare,+54-513-180-8520
01/03/1862,66.191.108.139,Jabbersphere,+48-728-627-8878
29/09/1393,98.45.240.211,Gevee,+86-988-173-7081
20/11/0405,167.27.125.64,Ainyx,+86-398-853-0521
04/11/0205,179.67.140.145,Skiptube,+46-577-407-7937
17/01/1166,100.49.195.47,Ooba,+86-889-477-5013
09/09/1963,117.44.95.251,Livepath,+55-726-566-4462
06/01/0879,68.151.141.106,Omba,+92-305-946-8026
16/08/1128,86.100.11.42,Npath,+1-236-181-2957
01/09/0432,222.64.117.140,Oyope,+57-962-911-9022
16/10/0202,27.129.105.61,Voonte,+66-667-850-9103
04/06/0804,186.184.99.204,Jabbertype,+63-520-467-0728
11/11/0359,2.3.144.158,Divavu,+63-704-456-2127
20/03/1639,73.21.175.163,Brainsphere,+234-371-688-5719
11/06/0699,7.219.159.121,Photojam,+86-358-829-8845
20/08/0219,97.51.62.155,Feedbug,+62-772-116-6795
28/09/0484,33.102.204.87,Skiba,+62-495-401-0564
08/06/0115,227.210.230.226,Kanoodle,+996-502-402-2001
29/11/1692,77.248.34.185,Rhycero,+93-934-287-6313
16/01/0970,94.170.99.121,Devpoint,+385-514-377-0437
21/02/0723,247.98.10.120,Twinte,+52-365-282-5099
10/04/1609,243.248.49.82,Zoomcast,+48-699-427-2543
29/06/1523,177.89.222.90,Meezzy,+237-745-865-3402
27/03/0583,144.148.224.73,Eidel,+7-208-866-5019
28/11/0679,12.100.205.202,Brightdog,+86-950-866-1528
13/09/1327,175.26.105.4,Youopia,+86-901-928-1162
29/04/0824,214.151.46.145,Roomm,+43-860-307-8421
18/12/0218,136.15.141.219,Skyba,+62-478-806-4231
14/02/1701,236.81.52.98,Oyoba,+86-794-405-8646
22/11/1883,89.68.46.44,Fivespan,+86-869-794-3270
03/05/0830,0.169.146.116,Topicblab,+62-767-405-8821
07/01/1879,105.216.10.8,Bubbletube,+63-577-921-0371
17/09/1403,139.11.189.71,Shufflebeat,+62-821-286-4933
17/06/1185,15.22.77.105,Kamba,+591-631-398-4539
28/10/2002,228.1.234.107,Tagtune,+1-850-211-3059
15/05/1963,227.29.51.32,Topdrive,+242-713-175-3167
16/07/1169,83.98.88.97,Thoughtstorm,+261-746-150-0860
10/07/0214,204.247.212.107,Eabox,+33-808-395-7048
10/11/0827,20.238.166.164,Abata,+86-470-424-0397
29/08/1650,22.165.79.130,Eayo,+48-180-199-8742
10/08/1698,49.56.66.213,Kwimbee,+33-820-328-0908
15/01/1289,46.76.233.141,Jabbercube,+420-153-903-3253
16/10/0575,151.81.85.248,Quamba,+86-330-585-4239
01/04/0663,214.195.30.32,Buzzshare,+62-214-381-7051
21/06/0484,207.15.205.192,Zoonder,+7-653-566-5927
09/10/0283,67.104.129.70,Katz,+60-170-213-0051
25/06/1938,207.160.136.5,Oodoo,+7-936-653-1029
20/10/1775,232.244.229.136,Ntags,+62-152-792-9956
24/02/0109,114.224.222.25,Tagopia,+1-813-931-6777
08/11/0292,141.249.195.52,Katz,+963-518-585-0887
22/11/0635,255.248.105.136,Thoughtbeat,+374-953-711-5735
19/09/0840,45.244.158.123,Aivee,+93-776-182-4094
18/04/0844,73.240.237.4,Voomm,+994-672-169-9508
20/04/1028,247.105.191.130,Feedbug,+972-537-773-6889
14/06/1157,204.84.248.119,Feedmix,+967-563-952-0920
11/08/1419,192.242.248.222,Vidoo,+216-227-592-1328
19/08/1886,61.207.89.115,Dabtype,+420-395-269-8312
14/09/1038,179.33.242.238,Edgeblab,+86-670-202-2091
07/08/0858,224.186.150.7,Minyx,+692-325-928-4139
07/08/1031,79.85.61.115,Realcube,+371-886-831-3402
20/09/1496,216.130.156.116,Edgeify,+48-792-313-6375
04/08/0713,192.159.3.253,Linkbuzz,+33-256-320-9720
03/10/0682,78.100.254.1,Jamia,+62-271-953-9912
12/07/0179,87.138.245.74,Fanoodle,+351-314-839-3354
10/08/1700,170.133.120.180,Jabberbean,+57-421-517-1398
17/04/1936,200.245.80.57,Rhybox,+33-105-926-3414
23/08/1446,209.111.90.57,Thoughtbeat,+86-604-299-1427
02/05/0669,11.71.113.154,Mymm,+56-484-539-8378
10/08/1361,254.207.181.3,Camido,+351-618-389-7571
09/03/1021,181.187.126.20,Jetwire,+60-124-912-7044
26/07/1098,228.227.46.218,Browsecat,+86-999-498-0206
09/01/0760,200.149.241.245,Topiclounge,+86-260-569-0737
24/11/1087,179.242.226.108,Brightdog,+33-373-156-0798
01/05/1851,238.157.208.169,Rhynyx,+86-682-728-1552
07/10/1071,103.196.129.115,Eire,+86-914-803-8517
01/10/1327,199.112.171.203,Youopia,+7-761-211-5895
17/10/1382,12.166.208.133,Gabcube,+63-676-640-7561
11/08/0609,39.194.134.142,Rhynoodle,+234-397-927-0954
05/01/0482,78.237.192.44,Katz,+46-372-696-3572
02/02/0599,56.72.124.20,Pixonyx,+30-483-389-2964
04/04/1809,184.234.232.46,Gabspot,+63-830-199-0784
25/05/0960,129.214.200.32,Rhynoodle,+55-586-393-4410
02/07/2005,150.146.107.247,Photobean,+54-924-729-9295
25/06/1895,87.8.197.65,Wordpedia,+62-236-716-6315
30/10/0387,59.200.210.217,Quire,+86-614-635-2456
07/08/0564,213.130.99.28,Jamia,+505-277-775-0072
16/06/1877,165.43.97.216,Voomm,+63-695-426-0541
02/12/1188,195.245.186.22,Realcube,+380-897-906-9361
01/12/1016,86.63.239.163,Jabbertype,+86-784-235-4250
01/07/1337,238.153.33.35,Rooxo,+507-479-434-8550
25/10/0952,17.213.132.0,Dynava,+86-719-640-4730
09/07/0146,81.11.191.123,Agivu,+48-990-841-8245
08/09/0724,151.141.48.236,Kanoodle,+82-795-769-0063
25/07/1867,212.120.232.209,Riffpath,+507-349-948-6011
14/10/1610,175.64.251.2,Jaxworks,+351-508-488-5082
08/03/0625,108.255.20.201,Meemm,+255-148-890-5162
23/08/1436,20.69.109.21,Fatz,+7-188-958-3598
27/04/0987,165.60.130.214,Dabvine,+970-508-367-8260
26/02/0354,147.118.165.17,Browsezoom,+1-727-712-1409
16/04/1376,94.51.151.233,Plajo,+62-548-972-3189
14/05/1912,35.231.243.101,Zoomzone,+7-595-635-2577
27/09/1640,196.97.211.102,Gabcube,+506-464-113-8522
19/06/0984,122.46.164.188,Jabberstorm,+380-200-651-6718
10/07/0346,56.188.249.50,Trupe,+46-933-353-0245
25/05/0909,195.187.165.123,Flashspan,+593-247-586-1475
25/07/1796,166.125.187.179,Meetz,+225-224-591-6088
14/12/1868,120.45.112.74,Fadeo,+86-739-798-1148
10/09/1251,250.217.68.49,Fanoodle,+48-444-226-3172
11/01/0113,234.105.30.255,Youfeed,+86-500-485-6059
21/04/1765,238.167.233.40,Wikivu,+7-719-436-8996
09/06/0727,26.170.76.35,Zoomlounge,+55-222-921-1724
28/10/1524,188.38.251.54,Yodel,+351-662-289-3050
10/08/0146,52.106.122.115,Voonte,+387-525-351-5716
14/12/0256,254.250.64.102,Leenti,+385-957-299-6622
06/10/0407,243.236.5.182,Jayo,+62-837-344-2766
03/01/1636,255.224.7.91,Skipstorm,+39-941-619-0448
25/07/0143,106.92.212.190,Tagchat,+86-713-552-8411
04/02/1848,175.31.47.131,Centimia,+7-352-304-8454
31/03/1151,89.131.205.229,Bubblemix,+7-537-652-5124
13/01/0803,250.44.84.194,Livefish,+46-474-314-2231
25/11/0727,221.55.190.23,Roomm,+62-692-159-6350
14/08/1570,126.196.32.111,Yakitri,+66-823-750-6478
18/03/0119,25.65.161.71,LiveZ,+86-367-370-8181
14/02/1631,79.14.163.69,Camido,+63-162-998-3705
19/02/0865,80.231.148.78,Buzzster,+1-512-134-8090
20/04/0814,194.240.133.43,InnoZ,+62-722-616-3494
15/01/1249,248.47.254.224,Topicshots,+84-530-577-9257
02/01/1215,181.228.17.191,Bluezoom,+86-966-657-3358
01/03/1834,61.222.189.139,Digitube,+46-638-425-9914
29/04/1570,3.133.147.42,Mydeo,+356-788-890-9515
14/10/1575,212.68.132.142,Oyondu,+380-154-446-7119
13/01/0570,202.175.72.239,Avamba,+62-979-392-7810
21/10/1239,222.247.180.6,Snaptags,+62-342-753-3605
30/01/1089,235.10.50.169,Skimia,+7-839-137-0851
16/04/0156,133.10.42.164,Skaboo,+62-428-579-9063
18/02/1519,69.17.55.246,Eabox,+86-907-829-4771
22/03/1210,171.141.99.132,Oyonder,+86-826-770-7952
28/08/0491,39.73.231.112,Oloo,+62-882-841-4683
04/06/0956,214.30.162.46,Blogspan,+7-465-434-5982
26/03/1130,90.241.9.121,Talane,+351-357-295-2972
22/06/1311,181.42.91.3,Babblestorm,+57-958-574-3434
15/09/0967,184.169.132.228,Youtags,+86-424-609-7143
14/07/0504,125.40.157.249,Pixope,+62-370-900-3046
14/12/1997,17.148.129.63,Youbridge,+244-432-496-8832
11/10/1004,1.225.223.100,Voomm,+33-572-283-2827
09/11/1726,138.251.226.185,Cogilith,+49-872-934-2639
12/04/0806,13.231.92.96,Wikizz,+62-123-129-4271
01/12/0592,248.222.23.102,Quimm,+48-357-466-5502
20/10/1348,156.204.109.31,Teklist,+36-235-520-9252
08/01/0932,112.129.76.64,Flashset,+381-390-280-7112
09/10/0392,1.12.97.241,Skimia,+229-988-677-9387
12/05/1875,109.89.232.90,Zava,+86-852-575-2225
13/06/0672,109.159.251.33,Eimbee,+373-469-350-2830
28/05/1221,192.234.91.209,Yamia,+86-357-147-4121
23/10/0132,100.145.136.211,Feedfish,+86-244-240-1977
21/04/1210,248.75.220.106,Yacero,+86-802-530-7355
17/10/0682,198.231.65.21,Skinix,+81-627-780-5425
21/08/1370,162.128.119.235,Devify,+7-121-391-9791
17/05/2000,76.138.179.39,Kazio,+62-640-903-6826
27/11/1588,80.33.219.193,Jatri,+86-458-213-3748
29/01/1818,32.156.100.34,Lazzy,+86-840-569-7572
28/01/1249,48.225.121.80,Tagtune,+880-869-507-7121
25/10/0605,222.100.246.162,Gabtype,+86-786-718-0663
12/03/1792,172.90.128.152,Realcube,+992-389-792-2299
09/09/1184,237.100.66.39,Yozio,+962-716-753-2381
31/05/0394,188.228.173.111,Zoonoodle,+55-187-164-4853
28/03/1623,173.41.245.240,Wikizz,+963-676-602-7320
01/09/1393,220.21.220.237,Quatz,+86-405-941-2588
31/07/0133,150.131.251.98,Realpoint,+380-911-206-1651
25/10/0716,26.40.118.72,Livepath,+852-262-692-2308
05/05/0357,33.204.184.57,Skimia,+234-392-401-4466
22/10/2007,124.240.245.127,Kaymbo,+84-412-909-5186
04/04/0685,210.14.32.56,Oyoyo,+995-490-152-5356
21/10/1395,40.96.123.165,Leexo,+234-769-852-8776
22/02/0309,154.43.193.124,Realbuzz,+62-307-234-5590
24/05/1668,244.154.219.50,Wordtune,+48-456-846-3928
29/05/1572,193.108.225.142,Dabjam,+976-301-112-3470
28/08/1845,211.86.204.159,Browsezoom,+62-605-102-5552
08/03/0590,38.222.9.3,Browsetype,+84-619-810-8591
03/10/1649,236.22.97.242,Edgetag,+62-488-176-5553
05/11/1290,83.69.50.81,Skyndu,+7-499-726-1694
08/11/1891,109.94.206.5,Buzzster,+351-487-410-1195
01/03/1457,67.56.56.243,Innojam,+33-763-864-7737
01/01/1952,95.208.241.190,Voolith,+33-632-598-5150
11/08/0587,133.62.157.240,Skaboo,+84-580-261-7226
26/09/0509,32.7.240.31,Realcube,+7-479-858-8646
26/05/1945,73.208.144.209,Camido,+62-159-769-1167
27/02/0421,40.104.182.67,Jetwire,+595-111-480-8246
24/06/0600,234.31.110.116,Feedbug,+86-544-620-3739
23/03/0619,207.50.98.2,Yodoo,+505-602-294-2502
30/08/0982,207.169.225.154,Kazio,+62-113-167-7019
08/06/1361,111.55.36.174,Mynte,+1-625-868-0834
04/08/1998,188.83.78.254,Bluejam,+51-898-933-2055
09/10/0563,21.50.55.99,Pixope,+33-306-355-6723
05/04/1116,240.36.78.13,Tambee,+48-109-468-4600
02/02/1632,145.237.89.214,Meevee,+62-301-512-6818
06/08/1356,14.237.160.149,Snaptags,+226-408-398-2925
04/04/1480,23.92.10.149,Eimbee,+55-137-290-3378
18/08/0233,70.228.127.2,Jetpulse,+86-329-801-4063
30/09/1283,242.128.9.8,Devshare,+45-733-691-2691
28/02/0880,28.224.199.10,Jaxspan,+86-857-479-2998
20/03/0891,131.35.219.183,InnoZ,+1-619-850-4165
16/06/0824,193.1.140.121,Minyx,+63-946-504-6803
21/04/1387,118.183.77.222,Feedmix,+62-598-743-8302
12/02/0889,99.221.195.230,Cogibox,+30-452-734-3627
11/09/1684,203.3.85.60,Blogpad,+506-648-629-2530
22/05/0777,32.37.39.44,Yakidoo,+381-642-432-4686
26/09/0812,16.20.189.19,Abata,+1-379-496-4749
13/09/0141,204.127.5.127,Zoombeat,+359-980-936-3137
27/03/0256,12.137.8.7,Skyble,+54-916-370-7802
02/04/0941,63.5.159.237,Feedspan,+370-578-281-3597
25/02/0650,226.85.5.34,Realfire,+86-279-941-5185
30/08/0140,55.134.104.181,Jazzy,+269-547-446-5302
02/07/1510,224.76.150.46,LiveZ,+63-134-950-2994
08/10/1890,10.41.193.72,Meedoo,+263-241-197-5643
13/12/1191,191.206.12.219,Mycat,+86-940-207-7899
01/04/0345,211.192.136.92,Devify,+51-637-507-2813
01/01/0469,159.56.56.24,Mydeo,+55-860-607-2716
09/09/0144,141.82.48.4,Kimia,+249-153-209-7909
27/03/1101,95.134.8.170,Eabox,+30-265-282-5844
22/01/1280,119.44.178.150,Skynoodle,+351-243-640-5297
22/09/1078,238.223.165.205,Eamia,+31-531-383-2645
03/11/0202,106.43.186.17,Yoveo,+53-791-962-5162
03/08/0312,38.223.55.42,Thoughtbeat,+86-319-174-3782
16/06/0210,38.58.79.196,Agimba,+675-741-151-9571
01/08/0238,99.60.34.137,Dabfeed,+86-299-193-8394
07/10/0831,169.112.64.76,Trudoo,+1-405-637-2387
02/09/1767,147.190.50.9,Vipe,+352-277-251-1807
02/03/0308,188.122.105.240,Zoonoodle,+48-339-269-1259
30/01/1616,222.180.228.219,Mita,+51-520-876-5359
11/08/0100,6.13.134.247,Devshare,+51-925-168-9700
01/11/0824,113.173.202.206,Topicshots,+58-492-230-4855
06/12/0707,178.73.69.0,DabZ,+39-245-333-2609
09/09/1373,84.149.177.243,Youspan,+86-494-339-9267
24/04/0752,152.28.154.179,Zoomcast,+212-182-305-1239
04/10/0654,228.45.74.116,Dablist,+86-481-444-9949
11/04/1680,99.242.179.50,Kimia,+51-845-351-9158
12/09/0228,242.35.161.3,Topdrive,+62-425-851-0676
14/03/1522,58.141.196.89,Thoughtworks,+86-228-425-5815
18/02/0962,3.98.148.100,Yakidoo,+7-156-164-6303
26/09/0249,117.172.19.74,Skinix,+86-788-280-9318
14/05/1769,232.17.168.117,Rhyloo,+48-427-124-7061
29/09/1258,12.180.138.11,Minyx,+976-392-140-5604
14/07/0479,8.181.166.70,Yabox,+7-656-189-4016
01/05/1877,228.224.4.81,Mybuzz,+86-145-321-7504
19/11/0363,47.210.65.205,Browsezoom,+1-617-385-4436
27/04/1493,183.236.10.112,Photospace,+244-221-553-9728
25/11/1296,207.37.36.152,Tambee,+86-326-212-9041
30/09/0564,31.52.68.18,Wikido,+359-189-929-7915
14/11/0455,46.76.58.177,Leenti,+62-755-686-3266
09/09/1858,153.152.182.167,Browsezoom,+27-880-958-4756
03/04/0216,246.225.246.145,Bubblebox,+55-761-869-1574
02/11/0137,37.111.70.17,Livepath,+44-763-484-2461
23/05/1419,118.181.39.143,Roombo,+86-548-937-2905
17/07/1519,169.81.117.222,Meezzy,+46-173-700-3349
15/05/0225,162.176.106.129,Twitterlist,+269-246-234-0648
23/08/0490,148.94.160.73,Voonix,+7-489-973-5313
28/02/0919,64.59.236.219,Vimbo,+63-261-402-0226
30/03/0839,80.223.243.162,Eabox,+261-194-946-9962
08/10/1847,54.0.11.149,Jabbercube,+31-638-665-7805
06/04/0225,55.171.221.63,Feedfish,+52-762-676-3642
04/10/0285,92.83.229.235,Geba,+351-382-476-9764
04/10/1773,241.129.8.137,Twiyo,+86-942-978-3938
14/07/0567,22.14.135.25,Zoombeat,+86-140-770-8338
03/06/0759,37.189.189.124,Topdrive,+1-310-985-5078
19/11/1289,94.78.253.24,Kwideo,+880-747-995-0995
16/08/0211,119.161.197.172,Vinder,+63-826-181-7718
24/06/0224,82.195.97.95,Roombo,+55-688-799-7510
11/05/1124,32.29.35.146,Yotz,+507-198-214-2666
13/03/0741,20.14.143.4,Demivee,+351-497-778-7390
05/03/1530,112.73.90.135,Realcube,+86-159-163-8697
01/09/0498,27.188.115.20,Voonder,+30-250-391-5237
13/11/1090,100.31.27.74,Plajo,+48-798-154-2382
21/03/0987,193.42.90.62,Bubblemix,+381-650-910-8635
18/10/1109,27.28.167.6,Mydo,+48-647-227-6575
31/08/0430,120.159.132.190,Feedspan,+62-784-543-3256
05/06/1770,230.191.212.171,Demizz,+86-621-750-0423
07/11/0401,242.205.201.51,Wikido,+57-653-971-5681
27/04/1876,103.76.156.225,Fliptune,+86-425-553-0311
04/08/0713,174.159.245.29,Gabtune,+381-499-169-8460
01/03/0429,18.64.110.158,Divanoodle,+31-378-748-9477
21/09/0558,221.65.174.230,Yodel,+380-346-349-4333
25/05/0345,37.78.133.117,BlogXS,+86-430-432-6276
06/07/0692,70.22.192.93,Rhyzio,+86-312-247-1540
26/10/1603,8.162.71.7,Centidel,+81-266-439-4550
13/10/0246,148.8.41.201,Photobug,+261-384-458-7970
23/11/1199,152.56.209.174,Vinte,+7-994-465-7299
16/12/1052,194.175.11.22,Centidel,+234-286-324-0214
03/09/0858,124.67.110.211,Twitternation,+86-413-965-7714
16/04/0606,54.190.53.161,Skidoo,+371-341-789-2805
23/06/0767,121.154.243.96,Roomm,+48-138-237-4238
07/10/1970,110.78.10.104,Kazio,+52-616-237-7918
26/04/0629,123.203.135.190,BlogXS,+84-570-294-4782
05/07/0179,160.98.177.17,Tagfeed,+63-224-342-9931
21/10/0899,200.230.12.0,Quimm,+58-435-150-2693
31/07/1846,227.179.186.252,Roomm,+55-998-894-2024
04/02/1281,169.80.30.228,Oyope,+298-227-335-6366
27/06/1381,215.161.52.235,Eamia,+86-831-705-3046
19/08/1196,118.246.207.158,Realmix,+46-392-104-5519
13/03/1842,123.24.16.212,Kanoodle,+234-820-682-0082
29/02/2020,119.81.30.62,Dabtype,+62-866-319-1985
14/01/0172,225.235.174.255,Pixonyx,+86-932-190-7882
08/04/0552,91.169.161.63,Leenti,+353-913-922-7605
08/09/0489,116.113.62.61,Brightdog,+385-523-183-3194
06/04/0547,146.188.140.191,Kwinu,+62-474-432-3804
20/05/1259,48.122.88.77,Dynava,+7-868-860-1346
11/06/0122,103.183.249.15,Shuffledrive,+86-703-450-5028
10/08/0780,248.100.153.189,Yakijo,+62-478-958-5729
20/11/0900,187.7.77.38,Nlounge,+966-792-987-5654
26/06/0816,72.40.186.127,Wikivu,+86-193-891-4651
08/04/1640,124.58.62.46,Tambee,+84-273-507-5378
09/11/1626,62.26.15.95,Trupe,+254-346-320-0995
31/10/0710,148.140.34.232,Realmix,+7-300-840-9360
19/02/0700,26.71.114.43,Voonyx,+591-409-235-4490
08/08/1448,15.180.255.97,Pixoboo,+86-190-164-9174
01/06/0960,184.223.123.88,Skipfire,+81-353-243-8800
21/12/1989,196.35.156.251,Mycat,+62-591-432-6805
12/11/1721,36.185.209.247,Podcat,+351-299-768-7302
30/01/0533,0.96.31.68,Riffpath,+86-438-757-5331
13/09/0937,22.108.121.94,Wordware,+33-445-688-9391
15/02/0721,169.67.140.128,Photofeed,+62-552-960-2633
08/02/1024,30.247.109.210,Jazzy,+86-295-809-0748
25/09/0509,225.72.63.242,Kayveo,+54-378-100-8603
22/07/1007,152.109.45.135,Twitterbridge,+86-925-318-1773
23/12/1914,135.218.102.64,Chatterpoint,+420-957-439-3818
22/08/1481,242.21.129.189,Midel,+992-664-951-7674
09/06/1337,245.252.100.128,Oozz,+86-922-321-2988
04/11/1383,198.252.72.103,Thoughtmix,+86-492-555-7709
19/02/1594,237.239.205.127,Rhycero,+1-754-104-1473
23/01/0557,208.145.169.185,Thoughtbeat,+972-704-908-8007
11/08/0800,78.166.107.215,Voomm,+7-970-370-0420
02/03/1310,49.46.135.249,Dabshots,+1-390-285-8886
11/06/1872,225.248.153.122,Roombo,+62-619-736-9001
24/11/0374,155.187.123.247,Oyope,+7-380-899-6204
30/04/1745,251.130.39.156,Eayo,+33-464-474-7786
23/09/0429,8.52.40.114,Vimbo,+351-958-892-6736
12/02/0524,156.38.141.138,Topicstorm,+86-625-390-9036
18/11/1131,202.233.111.22,Vinder,+63-186-499-0226
11/10/1192,206.52.47.20,Gigashots,+62-848-832-1481
22/01/0186,83.65.243.125,Mycat,+86-740-631-2287
27/01/1088,85.41.0.231,Realcube,+86-812-471-5789
06/02/1957,175.114.9.99,Tambee,+63-778-786-3872
28/01/0747,93.50.78.157,Yata,+48-790-172-3806
09/07/0342,144.224.112.164,Realbuzz,+86-232-708-5823
17/07/1226,75.240.33.207,Voonder,+54-976-143-7272
17/01/1444,99.255.40.228,Feedfire,+996-197-501-2587
30/07/0750,155.67.71.255,Demizz,+86-426-266-2857
12/03/1854,211.12.244.55,Mybuzz,+591-849-906-1847
13/09/0439,197.174.202.57,Topicshots,+62-267-842-6107
05/11/1809,137.18.32.139,Roombo,+62-734-460-3698
21/10/0102,201.217.248.78,Trudeo,+1-167-840-3508
03/04/1324,51.31.244.68,Meembee,+1-913-441-7417
20/05/0652,96.131.200.196,Thoughtmix,+351-423-564-3161
22/01/0950,148.242.86.199,Yabox,+86-380-110-2727
01/02/0429,22.114.174.241,Zoonoodle,+86-180-498-6295
19/10/1477,98.3.237.177,Cogilith,+7-243-689-5252
11/11/0452,95.17.230.2,Aimbu,+62-771-156-3086
20/05/0302,13.99.18.43,Zoomlounge,+51-764-248-1531
19/05/1021,20.97.65.208,Rhyzio,+66-226-164-9316
04/04/0833,78.29.241.108,Fivebridge,+63-122-217-8405
20/11/1651,174.120.14.143,Vinte,+62-906-865-2319
29/12/0119,120.230.200.253,Blogtag,+86-164-592-5890
15/01/1430,48.18.109.168,Latz,+62-398-601-5608
04/02/1998,174.182.95.231,Yozio,+86-236-771-7056
29/11/1273,64.180.6.77,Eadel,+49-244-649-4860
08/03/0361,47.215.79.199,Izio,+95-394-994-4872
23/05/1069,31.198.45.204,Npath,+46-311-170-5880
09/05/0357,224.193.202.70,Babbleopia,+374-729-904-8822
05/10/0104,188.198.233.241,Zoomzone,+1-717-168-6017
20/07/0988,58.178.121.158,Thoughtblab,+86-387-744-8287
30/08/0791,122.16.81.73,Linkbridge,+1-805-504-2544
02/02/0844,81.166.199.70,Gabtune,+86-514-919-5113
18/04/1217,218.195.246.166,Mydeo,+351-894-471-9583
01/03/1206,162.33.145.95,Feedspan,+86-625-645-0845
10/10/0527,254.39.231.130,Flashset,+7-680-460-1912
08/03/1888,63.33.1.100,Mycat,+55-394-392-4670
28/03/0489,3.57.120.62,Jabbertype,+7-211-534-2026
04/10/0296,52.33.136.34,Bubblebox,+232-208-356-5124
